update,total_loss,policy_loss,value_loss,entropy
1,-0.0042,0.0002,0.0187,1.3731
2,-0.0071,0.0003,0.0127,1.3717
3,-0.004,-0.0001,0.0196,1.3742
4,0.016,0.0011,0.0573,1.3762
5,0.0014,0.0005,0.0294,1.3769
6,0.0154,0.0006,0.0571,1.3774
7,0.0004,-0.0002,0.0287,1.3765
8,-0.0074,-0.0007,0.014,1.3754
9,-0.0045,-0.0,0.0186,1.3759
10,-0.006,0.0054,0.0047,1.3768
11,-0.0018,-0.0009,0.0259,1.3767
12,-0.0033,-0.0007,0.0223,1.3756
13,-0.007,-0.0006,0.0147,1.3762
14,-0.0085,-0.0016,0.0137,1.3765
15,-0.0009,0.0001,0.0256,1.3776
16,-0.0067,-0.0012,0.0166,1.3775
17,-0.006,-0.0011,0.0178,1.3787
18,-0.007,-0.0001,0.0138,1.3789
19,-0.0068,-0.0024,0.0188,1.3788
20,0.003,0.0009,0.0317,1.3798
21,-0.0142,-0.0041,0.0074,1.38
22,-0.0104,-0.0005,0.0077,1.3797
23,-0.0111,-0.0004,0.0061,1.3802
24,-0.0136,-0.0024,0.0051,1.3812
25,-0.0063,-0.0013,0.0176,1.3818
26,0.0087,-0.0004,0.0457,1.382
27,0.0087,-0.0028,0.0507,1.3826
28,0.0037,-0.0013,0.0375,1.383
29,0.0108,-0.0014,0.052,1.3829
30,-0.0105,0.0022,0.0023,1.3826
31,-0.0085,-0.0012,0.013,1.383
32,-0.0089,-0.0012,0.0123,1.3827
33,-0.0086,-0.0005,0.0113,1.3828
34,-0.0126,-0.0007,0.004,1.3828
35,-0.0068,-0.0023,0.0186,1.3831
36,-0.013,-0.0017,0.0049,1.3829
37,-0.0068,0.0016,0.0108,1.3829
38,-0.0152,-0.0041,0.0053,1.3829
39,-0.0148,-0.0031,0.0043,1.3827
40,-0.0085,-0.0033,0.0171,1.3826
41,-0.0099,-0.0045,0.0169,1.3836
42,-0.0125,-0.0015,0.0057,1.383
43,0.0029,0.001,0.0314,1.3834
44,-0.0108,-0.0027,0.0115,1.3831
45,-0.0097,-0.0036,0.0154,1.383
46,-0.0116,-0.0027,0.01,1.3826
47,-0.012,-0.0,0.0036,1.3823
48,-0.0108,0.0008,0.0044,1.3828
49,-0.0131,-0.0034,0.0084,1.3828
50,-0.0163,-0.0045,0.0041,1.3832
51,-0.0106,-0.0019,0.0102,1.3833
52,-0.0146,-0.0034,0.0052,1.383
53,0.0039,0.0014,0.0327,1.383
54,-0.0036,0.0027,0.0151,1.3825
55,-0.0099,-0.0017,0.0113,1.383
56,-0.0002,0.0001,0.027,1.3827
57,0.0037,0.0038,0.0275,1.383
58,-0.0051,-0.0001,0.0176,1.3831
59,-0.0141,-0.0047,0.0088,1.3825
60,-0.0217,-0.0093,0.0029,1.3823
61,-0.0149,-0.0046,0.0072,1.3829
62,-0.0116,-0.0024,0.0093,1.3824
63,-0.0091,0.0001,0.0093,1.3824
64,0.0008,0.0004,0.0285,1.3825
65,0.0181,0.0036,0.0567,1.3827
66,0.0379,-0.0019,0.1072,1.383
67,0.023,0.0023,0.0691,1.3828
68,-0.0089,-0.0035,0.0168,1.382
69,-0.0076,-0.0003,0.013,1.3816
70,-0.0146,-0.0024,0.0033,1.3816
71,-0.0144,-0.0077,0.0141,1.3818
72,-0.0108,-0.0071,0.0201,1.3814
73,-0.0131,-0.0027,0.0068,1.3812
74,-0.0152,-0.0041,0.0054,1.3809
75,-0.0066,-0.0002,0.0147,1.3806
76,-0.0155,-0.0049,0.0066,1.3806
77,-0.0108,-0.0007,0.0074,1.3807
78,0.0013,-0.0006,0.0313,1.3805
79,-0.0087,-0.0021,0.0144,1.3804
80,-0.0313,-0.0195,0.004,1.3808
81,-0.0088,-0.0042,0.0184,1.3805
82,-0.0139,-0.0032,0.0063,1.3799
83,-0.0143,-0.0049,0.0089,1.3799
84,-0.0111,-0.0026,0.0107,1.3796
85,-0.0134,-0.0025,0.0057,1.3796
86,-0.0131,-0.0029,0.0072,1.3794
87,-0.008,0.0014,0.0087,1.3791
88,-0.0191,-0.0078,0.0051,1.3792
89,-0.0166,-0.0057,0.0058,1.3791
90,-0.0096,0.0037,0.0011,1.3787
91,-0.0099,-0.0038,0.0155,1.3794
92,-0.0138,-0.0039,0.0076,1.3788
93,0.0046,-0.0011,0.039,1.3797
94,0.0198,-0.0029,0.073,1.3804
95,0.0181,0.0005,0.0628,1.3805
96,-0.0121,-0.0018,0.0071,1.3793
97,-0.0076,0.0006,0.0112,1.3785
98,-0.0149,-0.0047,0.007,1.3785
99,-0.0019,-0.0016,0.027,1.3795
100,-0.009,0.0034,0.0027,1.379
101,-0.0138,-0.0038,0.0075,1.379
102,-0.0146,-0.0038,0.006,1.3784
103,-0.0042,0.0011,0.0171,1.3788
104,-0.0153,-0.0057,0.0083,1.3788
105,-0.0018,-0.0002,0.0245,1.3789
106,-0.0168,-0.0064,0.0067,1.3785
107,-0.0103,0.0004,0.0062,1.3785
108,-0.0109,-0.0012,0.0082,1.3783
109,-0.0072,-0.0026,0.0182,1.3788
110,-0.0236,-0.0116,0.0036,1.3787
111,-0.0168,-0.0066,0.0073,1.3789
112,-0.0125,-0.0033,0.0093,1.3784
113,-0.0115,-0.0065,0.0176,1.3783
114,-0.012,-0.004,0.0116,1.3785
115,-0.0077,0.003,0.0062,1.3778
116,-0.0014,-0.0033,0.0314,1.3784
117,0.0018,-0.0004,0.032,1.3773
118,0.0099,0.0,0.0472,1.3764
119,-0.0106,-0.0029,0.0122,1.3761
120,-0.0266,-0.0138,0.0019,1.3757
121,-0.0161,-0.0051,0.0056,1.3766
122,-0.0123,-0.0023,0.0075,1.3757
123,-0.0062,-0.0002,0.0156,1.3763
124,-0.0068,-0.0062,0.0264,1.3771
125,-0.0009,-0.0004,0.0267,1.377
126,-0.0078,-0.0005,0.013,1.3767
127,-0.0151,-0.0058,0.0089,1.3757
128,-0.0095,-0.0005,0.0095,1.3752
129,0.0026,0.0011,0.0306,1.3746
130,-0.0124,-0.0008,0.0044,1.374
131,-0.0165,-0.0071,0.0087,1.3748
132,-0.0177,-0.0081,0.0083,1.3736
133,-0.0128,-0.0032,0.0082,1.3743
134,-0.0109,-0.0024,0.0105,1.3747
135,-0.0159,-0.0066,0.0089,1.3743
136,-0.0121,-0.0042,0.0116,1.3737
137,-0.0121,-0.0029,0.0089,1.3732
138,-0.0139,-0.0032,0.006,1.3732
139,-0.0007,-0.0024,0.031,1.3736
140,-0.0071,0.0041,0.0051,1.3737
141,-0.0116,-0.0066,0.0174,1.3736
142,-0.0138,-0.0025,0.005,1.3724
143,-0.0099,-0.0056,0.0188,1.3725
144,-0.0111,-0.0001,0.0055,1.3726
145,-0.0079,0.0015,0.0087,1.3728
146,-0.0162,-0.0056,0.0061,1.3729
147,-0.0014,0.0028,0.0189,1.3726
148,0.0038,0.0055,0.0241,1.3729
149,-0.0082,-0.0013,0.0136,1.3722
150,-0.0111,0.0006,0.004,1.3719
151,-0.0089,0.001,0.0078,1.3732
152,-0.0151,-0.0037,0.0046,1.3729
153,-0.0168,-0.0057,0.0054,1.3733
154,-0.0173,-0.0086,0.0101,1.3739
155,-0.008,-0.0024,0.0162,1.3749
156,0.0114,0.0018,0.0466,1.3757
157,0.0154,-0.0036,0.0656,1.3762
158,0.0039,0.0,0.0353,1.3754
159,-0.0055,-0.0019,0.0202,1.3747
160,-0.0191,-0.0075,0.0042,1.3746
161,-0.0072,-0.001,0.015,1.3744
162,-0.0165,-0.0064,0.0074,1.3742
163,0.001,-0.0027,0.035,1.3742
164,-0.0052,-0.0056,0.0283,1.3743
165,-0.0085,-0.0045,0.0194,1.375
166,-0.0183,-0.0096,0.0102,1.3752
167,0.0043,0.0063,0.0235,1.3753
168,-0.0079,-0.002,0.0157,1.3745
169,-0.0095,-0.0024,0.0134,1.373
170,-0.0111,-0.0037,0.0127,1.3729
171,-0.0102,-0.0034,0.014,1.3723
172,-0.011,-0.0023,0.01,1.3711
173,-0.004,-0.0014,0.0223,1.372
174,-0.0049,0.0006,0.0166,1.3722
175,-0.0129,-0.0053,0.0123,1.3717
176,-0.0154,-0.006,0.0086,1.3707
177,-0.0063,-0.0004,0.0157,1.3706
178,-0.0124,-0.0015,0.0056,1.3702
179,-0.0117,-0.0024,0.0089,1.3705
180,-0.0086,0.0037,0.0028,1.3696
181,-0.0084,-0.0037,0.0179,1.3701
182,-0.0177,-0.0069,0.0058,1.369
183,-0.016,-0.0068,0.0089,1.3689
184,-0.0088,-0.0005,0.0108,1.3689
185,-0.0074,0.0005,0.0116,1.3691
186,-0.0073,-0.0029,0.0187,1.3682
187,-0.013,-0.0043,0.0099,1.3677
188,-0.0136,-0.0021,0.0044,1.3673
189,-0.0132,-0.0032,0.0074,1.3671
190,-0.0113,0.0,0.0046,1.3677
191,-0.0082,-0.0052,0.0213,1.3667
192,-0.0126,-0.001,0.0041,1.3656
193,-0.0112,0.0007,0.0035,1.3655
194,-0.0098,-0.0041,0.016,1.3642
195,0.0089,0.0052,0.0348,1.3665
196,-0.0076,-0.002,0.0162,1.3662
197,-0.0063,0.0022,0.0103,1.3661
198,-0.0114,-0.0037,0.0119,1.3655
199,-0.0033,-0.0032,0.0271,1.3668
200,-0.0234,-0.0114,0.0033,1.3678
201,-0.0114,-0.0049,0.0142,1.3659
202,-0.0133,-0.0037,0.0082,1.3649
203,-0.0151,-0.0059,0.009,1.3662
204,-0.0111,-0.0027,0.0106,1.3659
205,0.0024,0.0017,0.0288,1.3654
206,-0.0078,-0.0046,0.0209,1.3652
207,-0.0116,-0.0024,0.009,1.365
208,-0.0186,-0.0068,0.0038,1.3653
209,-0.0096,-0.003,0.0141,1.3659
210,-0.0174,-0.0055,0.0035,1.3657
211,-0.0135,-0.0023,0.0049,1.3638
212,-0.0162,-0.0044,0.0037,1.3629
213,-0.0035,-0.0048,0.03,1.3618
214,-0.0094,-0.0036,0.0155,1.3623
215,-0.0143,-0.006,0.0107,1.3629
216,-0.013,-0.0027,0.0067,1.3628
217,-0.0125,-0.0062,0.0147,1.3628
218,-0.0011,0.0073,0.0105,1.3628
219,-0.0152,-0.0049,0.0067,1.3628
220,-0.0004,0.012,0.0025,1.3638
221,-0.0123,-0.0064,0.0155,1.361
222,-0.0142,-0.0026,0.004,1.3595
223,-0.005,0.0026,0.012,1.3608
224,0.0012,-0.0005,0.0308,1.361
225,-0.0137,-0.0055,0.0106,1.3609
226,-0.0147,-0.0041,0.0061,1.3605
227,0.0078,0.0057,0.0314,1.3614
228,-0.0024,0.0024,0.0177,1.3607
229,-0.0052,0.0005,0.0158,1.361
230,-0.0105,0.0009,0.0045,1.3612
231,-0.0079,-0.0006,0.0125,1.3621
232,-0.0162,-0.0059,0.0065,1.3608
233,0.014,0.0016,0.0522,1.3636
234,0.0191,-0.0011,0.0676,1.3651
235,0.0193,0.0014,0.0633,1.3651
236,0.0013,-0.0001,0.0302,1.3637
237,-0.0123,-0.0027,0.0082,1.3635
238,-0.0154,-0.0054,0.0073,1.3633
239,-0.0145,-0.0061,0.0105,1.3636
240,-0.0141,-0.0019,0.0028,1.3634
241,-0.0104,-0.0036,0.0138,1.3633
242,-0.0111,-0.0052,0.0155,1.3618
243,-0.0085,-0.0034,0.017,1.3624
244,-0.0105,-0.0026,0.0115,1.3631
245,-0.0107,-0.0018,0.0095,1.3652
246,-0.0108,-0.0003,0.0061,1.3646
247,-0.0143,-0.0028,0.0043,1.3638
248,-0.007,-0.0004,0.014,1.3631
249,-0.0164,-0.0049,0.0044,1.3634
250,-0.0182,-0.0063,0.0036,1.3642
251,-0.0149,-0.0037,0.0049,1.3623
252,-0.0118,-0.0048,0.0132,1.3608
253,-0.0117,-0.0057,0.0151,1.3606
254,-0.0142,-0.0037,0.0062,1.361
255,-0.0102,0.0008,0.0052,1.3607
256,-0.015,-0.0056,0.0084,1.3601
257,-0.0051,0.0007,0.0155,1.3604
258,-0.0139,-0.003,0.0054,1.3604
259,-0.0128,-0.0047,0.0111,1.3608
260,-0.0034,0.0091,0.0021,1.3615
261,-0.0138,-0.0032,0.0059,1.3588
262,-0.0141,-0.0028,0.0045,1.3564
263,-0.0111,-0.0018,0.0085,1.3575
264,-0.0193,-0.0086,0.0058,1.3582
265,-0.0067,-0.0046,0.0231,1.3591
266,-0.0109,-0.004,0.0133,1.3571
267,-0.0071,-0.0015,0.016,1.3582
268,-0.0081,0.0003,0.0105,1.3581
269,-0.0075,0.0026,0.0069,1.3571
270,-0.0177,-0.0051,0.002,1.3569
271,-0.0108,-0.0073,0.02,1.3553
272,-0.016,-0.0049,0.0049,1.3528
273,0.0058,-0.0015,0.0418,1.3526
274,-0.0113,-0.0074,0.0193,1.3529
275,-0.0109,-0.0019,0.0092,1.3571
276,-0.0175,-0.0059,0.0039,1.3558
277,-0.0169,-0.0063,0.0059,1.3544
278,-0.0162,-0.0056,0.0059,1.3531
279,-0.0158,-0.0056,0.0068,1.3541
280,-0.0155,-0.0038,0.0036,1.3539
281,-0.0061,-0.0008,0.0164,1.3506
282,-0.019,-0.0073,0.0035,1.349
283,-0.015,-0.0037,0.0044,1.3495
284,-0.0138,-0.0043,0.008,1.3501
285,-0.0109,-0.0063,0.0178,1.3529
286,-0.0113,-0.0051,0.0147,1.3513
287,-0.0085,0.0006,0.0088,1.3511
288,-0.0134,-0.0028,0.006,1.3501
289,-0.0152,-0.0039,0.0044,1.3494
290,-0.0205,-0.0083,0.0025,1.3499
291,-0.0101,-0.0033,0.0133,1.3466
292,-0.0175,-0.0061,0.004,1.3435
293,-0.0105,-0.0058,0.0174,1.3433
294,-0.0116,-0.0029,0.0094,1.3439
295,-0.0092,-0.0024,0.0134,1.3462
296,-0.0105,0.0011,0.0037,1.3452
297,-0.0171,-0.0066,0.0058,1.3453
298,-0.0114,-0.0014,0.007,1.3431
299,-0.0146,-0.0023,0.0024,1.3425
300,-0.0275,-0.0154,0.0027,1.3436
301,-0.0123,-0.0022,0.0066,1.3411
302,-0.0108,-0.0001,0.0054,1.3389
303,-0.0133,-0.0041,0.0083,1.3405
304,-0.013,-0.0016,0.0039,1.3417
305,-0.013,-0.0056,0.0121,1.3418
306,-0.0146,-0.0109,0.0195,1.342
307,-0.0158,-0.0037,0.0025,1.3425
308,-0.0039,-0.0049,0.0289,1.3421
309,-0.0126,-0.0058,0.0132,1.3411
310,-0.0129,-0.0053,0.0117,1.3401
311,-0.0061,0.0016,0.0114,1.3389
312,-0.0144,-0.0033,0.0046,1.337
313,-0.0045,0.001,0.0158,1.3369
314,-0.0059,0.0019,0.011,1.3386
315,-0.0017,-0.0029,0.0292,1.3393
316,0.0103,-0.0024,0.0522,1.3369
317,-0.0098,-0.0031,0.0135,1.3396
318,-0.0082,-0.0032,0.0169,1.342
319,-0.0098,0.0008,0.0056,1.3413
320,-0.0099,0.0022,0.0025,1.3403
321,-0.0104,-0.0055,0.017,1.3409
322,-0.0109,-0.0012,0.0075,1.3393
323,-0.018,-0.0061,0.003,1.3415
324,-0.0115,-0.0002,0.0043,1.342
325,-0.0033,0.0027,0.0149,1.344
326,-0.0031,0.0009,0.0188,1.3448
327,-0.0175,-0.0078,0.0075,1.3446
328,-0.0135,-0.004,0.0078,1.3437
329,-0.0168,-0.0049,0.0031,1.3435
330,-0.0137,-0.0016,0.0026,1.3429
331,-0.0137,-0.0023,0.004,1.344
332,-0.0186,-0.007,0.0038,1.3436
333,-0.0013,-0.0001,0.0244,1.3431
334,-0.0109,-0.0071,0.0192,1.3442
335,-0.009,0.0002,0.0087,1.3478
336,-0.0074,-0.0027,0.0177,1.3472
337,0.0099,-0.0005,0.0478,1.348
338,-0.0066,0.0015,0.0109,1.3471
339,-0.0198,-0.0084,0.0042,1.3454
340,-0.0169,-0.0042,0.0014,1.3447
341,-0.0104,-0.0039,0.0138,1.3444
342,-0.0178,-0.007,0.0051,1.3419
343,-0.0108,-0.0027,0.0106,1.3432
344,-0.0133,-0.0022,0.0047,1.3424
345,-0.0103,-0.0006,0.0074,1.3425
346,-0.006,-0.0049,0.0245,1.3395
347,0.0017,0.0024,0.0254,1.3429
348,-0.0093,0.0003,0.0076,1.344
349,-0.0028,-0.002,0.0252,1.3426
350,-0.0175,-0.0057,0.0033,1.3433
351,-0.0142,-0.0037,0.006,1.3416
352,-0.0139,-0.0037,0.0065,1.3392
353,-0.0067,-0.0023,0.0181,1.3399
354,-0.0039,-0.0005,0.02,1.3381
355,0.0004,0.0025,0.0227,1.3411
356,-0.0114,-0.0015,0.0071,1.3411
357,-0.0069,-0.0061,0.0252,1.3419
358,0.0023,0.0012,0.0292,1.3426
359,0.002,-0.0027,0.0363,1.3438
360,-0.0106,-0.0029,0.0114,1.346
361,-0.0113,-0.0022,0.0086,1.3388
362,-0.0173,-0.0061,0.0044,1.3376
363,-0.0046,-0.0004,0.0185,1.3379
364,-0.0077,0.0007,0.0099,1.3394
365,-0.0023,0.0002,0.0219,1.3405
366,-0.009,-0.0002,0.0093,1.3397
367,-0.0146,-0.0046,0.0066,1.3393
368,-0.013,-0.0025,0.0058,1.3376
369,-0.008,-0.0016,0.014,1.3389
370,-0.0115,-0.0022,0.0081,1.3408
371,-0.0083,-0.0031,0.0164,1.3388
372,-0.0148,-0.0034,0.004,1.3372
373,-0.0144,-0.003,0.004,1.3391
374,-0.0096,0.0017,0.0043,1.3396
375,-0.0138,-0.002,0.0032,1.3408
376,-0.0119,-0.0006,0.004,1.3398
377,-0.0109,-0.0025,0.0102,1.3402
378,-0.0074,-0.002,0.016,1.3415
379,-0.0151,-0.0062,0.0089,1.341
380,-0.0146,-0.0023,0.0022,1.3427
381,-0.0117,-0.0025,0.0084,1.3403
382,-0.0148,-0.0033,0.0037,1.3392
383,-0.0131,-0.0023,0.0052,1.3404
384,-0.0088,-0.0016,0.0123,1.3403
385,-0.0101,0.0011,0.0043,1.3411
386,-0.01,0.0017,0.0035,1.341
387,-0.0024,-0.005,0.0321,1.3452
388,-0.0027,-0.0051,0.0318,1.3462
389,-0.0099,-0.0056,0.0181,1.3444
390,-0.0089,0.0041,0.001,1.344
391,-0.0147,-0.0051,0.0076,1.3408
392,-0.0118,-0.0006,0.0044,1.3394
393,-0.0104,-0.0014,0.0089,1.3407
394,-0.0087,-0.0011,0.0117,1.3419
395,-0.0115,-0.0049,0.0138,1.3436
396,-0.018,-0.0069,0.0047,1.3426
397,-0.0033,-0.0011,0.0225,1.3427
398,-0.0086,0.0001,0.0094,1.3409
399,-0.0172,-0.0086,0.0095,1.342
400,-0.021,-0.0091,0.003,1.3413
401,-0.0128,-0.0046,0.0105,1.3397
402,-0.0119,-0.0013,0.0055,1.3377
403,-0.0019,0.0005,0.0219,1.3394
404,0.0023,0.0036,0.0243,1.3408
405,-0.0106,-0.0063,0.0183,1.344
406,-0.001,0.0006,0.0238,1.3441
407,-0.0129,-0.007,0.0151,1.3432
408,-0.0135,-0.0057,0.0111,1.3419
409,-0.0136,-0.0048,0.0093,1.3431
410,-0.017,-0.0058,0.0044,1.3452
411,-0.0056,0.0014,0.0127,1.3383
412,-0.0142,-0.0035,0.0054,1.337
413,-0.0138,-0.0058,0.0107,1.3378
414,-0.0155,-0.006,0.0077,1.3383
415,-0.0136,-0.0076,0.0147,1.34
416,-0.0125,-0.0018,0.0054,1.3407
417,-0.0093,-0.0033,0.0149,1.3413
418,-0.0102,-0.0021,0.0106,1.3391
419,-0.016,-0.0047,0.0041,1.3384
420,-0.0115,0.001,0.0019,1.3376
421,-0.0094,0.0009,0.0061,1.3373
422,-0.0127,-0.0018,0.0049,1.3371
423,-0.0058,-0.0012,0.0175,1.337
424,-0.0079,0.0033,0.0046,1.3386
425,-0.0072,0.0027,0.0069,1.3395
426,-0.0035,0.0006,0.0185,1.3378
427,0.0203,0.0005,0.0664,1.3407
428,-0.0008,0.0014,0.0223,1.3415
429,-0.0047,-0.0004,0.0181,1.3408
430,-0.0048,0.0066,0.0041,1.3396
431,-0.0032,-0.0008,0.022,1.3432
432,-0.0149,-0.0037,0.0044,1.3427
433,-0.0138,-0.0028,0.0049,1.3442
434,-0.0125,-0.0038,0.0096,1.3447
435,-0.0031,-0.0008,0.0222,1.3462
436,-0.016,-0.0061,0.0072,1.3456
437,-0.0126,-0.0014,0.0046,1.3468
438,-0.0185,-0.0088,0.0075,1.3478
439,-0.0162,-0.0054,0.0053,1.3475
440,-0.0066,0.0055,0.0028,1.3481
441,-0.0171,-0.0063,0.0054,1.3464
442,-0.013,-0.0046,0.0101,1.3463
443,-0.0139,-0.0044,0.0081,1.3474
444,-0.0121,-0.0046,0.0121,1.3483
445,-0.0027,-0.0006,0.0227,1.3484
446,-0.0071,-0.0072,0.027,1.3475
447,-0.0097,-0.0025,0.0127,1.3479
448,-0.0164,-0.0055,0.0052,1.3476
449,-0.015,-0.0038,0.0045,1.3474
450,-0.0077,0.0048,0.0019,1.3464
451,-0.0155,-0.006,0.0079,1.3484
452,-0.0131,-0.0018,0.0043,1.347
453,-0.007,0.0,0.0128,1.3477
454,-0.0086,0.0009,0.008,1.3489
455,-0.0061,-0.0032,0.0213,1.351
456,-0.0042,0.0002,0.0182,1.3509
457,0.0049,0.0023,0.0323,1.3511
458,-0.0089,-0.0014,0.012,1.3491
459,-0.0174,-0.0071,0.0063,1.3488
460,-0.0182,-0.0064,0.0033,1.3498
461,-0.016,-0.0054,0.0056,1.3485
462,-0.0107,-0.001,0.0077,1.3474
463,-0.0135,-0.0039,0.0078,1.3473
464,-0.0154,-0.0041,0.0044,1.3473
465,-0.0162,-0.0063,0.0072,1.3499
466,-0.0125,-0.0045,0.0111,1.3494
467,-0.0042,0.0005,0.0175,1.3489
468,-0.0137,-0.003,0.0057,1.3488
469,-0.004,0.0001,0.0188,1.3491
470,-0.0123,-0.0008,0.0039,1.3488
471,-0.0101,-0.003,0.0128,1.3474
472,-0.0076,-0.0036,0.0188,1.3464
473,-0.0015,-0.006,0.0359,1.3468
474,0.0134,0.0018,0.0502,1.3489
475,0.0116,-0.0,0.0503,1.3498
476,0.0026,-0.0037,0.0395,1.3467
477,-0.0137,-0.0032,0.0059,1.3457
478,-0.012,-0.0019,0.0068,1.3462
479,-0.014,-0.0035,0.0059,1.3464
480,-0.0203,-0.0078,0.002,1.347
481,-0.0052,0.001,0.0146,1.3465
482,-0.0134,-0.0022,0.0045,1.3457
483,-0.0122,-0.0009,0.0042,1.3451
484,-0.0041,0.0,0.0188,1.3462
485,0.0003,-0.0025,0.0327,1.3488
486,0.0025,-0.0049,0.0418,1.3471
487,-0.0095,0.001,0.006,1.3462
488,-0.0162,-0.0049,0.0044,1.346
489,-0.0115,-0.0015,0.0069,1.3464
490,-0.0106,0.0017,0.0025,1.3472
491,-0.0115,-0.0027,0.0095,1.3461
492,-0.0174,-0.006,0.0042,1.345
493,-0.0167,-0.0065,0.0064,1.3449
494,-0.0084,-0.0006,0.0113,1.3449
495,-0.0145,-0.0056,0.0089,1.345
496,-0.015,-0.0035,0.0039,1.3451
497,-0.0152,-0.0039,0.0044,1.3456
498,-0.0143,-0.0049,0.0081,1.3449
499,-0.0129,-0.0014,0.0038,1.344
500,-0.0147,-0.0033,0.0041,1.3447
501,-0.0167,-0.0055,0.0044,1.3442
502,-0.0126,-0.0042,0.0102,1.3434
503,-0.0066,-0.0006,0.0148,1.3415
504,-0.0074,0.001,0.0101,1.3414
505,0.0065,-0.0005,0.0409,1.3427
506,-0.0019,-0.0023,0.0277,1.3445
507,-0.0141,-0.0045,0.0078,1.3459
508,-0.0031,0.0024,0.0159,1.3453
509,-0.0127,-0.0023,0.006,1.3445
510,-0.0127,-0.0006,0.0026,1.3453
511,-0.014,-0.0047,0.0083,1.3424
512,-0.014,-0.0026,0.0041,1.3413
513,-0.013,-0.0024,0.0056,1.3419
514,-0.0116,-0.0046,0.013,1.3426
515,-0.0045,-0.0009,0.0196,1.345
516,-0.0118,-0.0025,0.0083,1.343
517,-0.0123,-0.0063,0.0149,1.3419
518,-0.0111,-0.0025,0.0097,1.3418
519,-0.0132,-0.0076,0.0155,1.3419
520,-0.0148,-0.0049,0.0071,1.3419
521,-0.0079,-0.0038,0.0186,1.339
522,-0.0133,-0.0017,0.0036,1.3381
523,-0.0124,-0.0025,0.0071,1.3372
524,-0.018,-0.0065,0.0037,1.3371
525,-0.0106,-0.0014,0.0084,1.3371
526,-0.0163,-0.0073,0.0085,1.3365
527,-0.0109,-0.0045,0.0139,1.3364
528,-0.0053,-0.0035,0.0231,1.3384
529,-0.0104,-0.0078,0.0216,1.3375
530,-0.0228,-0.0118,0.0047,1.3364
531,-0.0114,-0.0011,0.0061,1.3336
532,-0.0101,-0.0052,0.0169,1.3318
533,-0.0054,-0.0006,0.0171,1.3324
534,-0.0047,0.0041,0.009,1.3319
535,-0.0069,-0.0013,0.0155,1.333
536,-0.0118,-0.0048,0.0126,1.3322
537,0.0062,-0.0008,0.0406,1.3349
538,0.0011,0.0015,0.0259,1.3343
539,-0.0107,-0.0037,0.0128,1.3356
540,-0.0107,0.0006,0.0042,1.3394
541,-0.0113,-0.0035,0.0111,1.334
542,-0.0107,-0.0027,0.0106,1.333
543,-0.0129,-0.0056,0.0121,1.3343
544,0.0001,0.0046,0.0178,1.3341
545,-0.0044,-0.0027,0.0233,1.3369
546,-0.0048,0.0021,0.0128,1.3369
547,-0.0141,-0.0036,0.0057,1.3378
548,-0.0166,-0.0103,0.0142,1.338
549,-0.0165,-0.0058,0.0055,1.337
550,-0.0108,0.0018,0.0015,1.338
551,-0.0121,-0.0042,0.0109,1.3357
552,-0.0097,-0.0014,0.01,1.3347
553,-0.0132,-0.0013,0.0029,1.3356
554,-0.0073,-0.0044,0.021,1.336
555,-0.0096,-0.0011,0.0097,1.3378
556,-0.0098,-0.0022,0.0115,1.3372
557,-0.007,0.0022,0.0084,1.3383
558,-0.0112,-0.0001,0.0045,1.3365
559,-0.0102,0.0007,0.005,1.336
560,-0.0279,-0.016,0.003,1.3384
561,-0.0096,-0.0054,0.0182,1.3343
562,-0.0121,-0.0023,0.0069,1.3337
563,-0.0149,-0.0059,0.0087,1.3339
564,-0.0143,-0.0068,0.0117,1.3346
565,-0.0057,-0.0014,0.0182,1.3367
566,-0.0191,-0.0084,0.0053,1.3354
567,-0.0118,-0.0009,0.0048,1.3355
568,-0.0046,0.0015,0.0145,1.3343
569,-0.0062,-0.0021,0.0184,1.3336
570,-0.0223,-0.0101,0.0023,1.3332
571,-0.0163,-0.006,0.0059,1.3319
572,-0.0088,-0.0,0.0091,1.3312
573,-0.0155,-0.0041,0.0039,1.3313
574,-0.0079,0.0007,0.0094,1.3322
575,-0.011,-0.0031,0.0107,1.3334
576,-0.0103,-0.0052,0.0164,1.3321
577,-0.002,-0.0004,0.0234,1.332
578,-0.0173,-0.0055,0.0031,1.3326
579,-0.0139,-0.0055,0.0099,1.3324
580,-0.019,-0.0072,0.0031,1.3325
581,-0.0061,-0.001,0.0164,1.331
582,-0.0136,-0.0019,0.0032,1.3307
583,-0.0164,-0.0047,0.0033,1.3312
584,-0.0076,-0.0011,0.0136,1.3316
585,-0.0109,-0.0006,0.0059,1.3313
586,-0.0027,-0.0008,0.0229,1.3303
587,-0.0029,0.0006,0.0195,1.3326
588,-0.0134,-0.0028,0.0054,1.3322
589,-0.0108,-0.0034,0.0119,1.3313
590,-0.018,-0.0061,0.003,1.3309
591,-0.0122,-0.0072,0.0167,1.3299
592,-0.0078,0.0018,0.0074,1.3289
593,-0.0184,-0.0068,0.0032,1.3299
594,-0.0059,0.0037,0.0074,1.3299
595,-0.0112,-0.001,0.0062,1.3312
596,-0.0146,-0.0034,0.0041,1.3313
597,-0.0183,-0.0071,0.0041,1.3306
598,-0.0107,-0.0022,0.0096,1.3297
599,-0.0045,-0.0033,0.0243,1.329
600,-0.0083,-0.0025,0.0149,1.3273
601,-0.0098,-0.0019,0.0107,1.3297
602,-0.0176,-0.0057,0.0029,1.3293
603,-0.0105,-0.0031,0.0116,1.3284
604,-0.0169,-0.0053,0.0032,1.3286
605,-0.0126,-0.0019,0.0052,1.3292
606,-0.0105,-0.0009,0.0073,1.3296
607,-0.0155,-0.0068,0.0092,1.3298
608,-0.0113,-0.0016,0.0072,1.3298
609,-0.0165,-0.0052,0.004,1.3301
610,-0.0017,0.0092,0.0047,1.3289
611,-0.0114,-0.0026,0.009,1.3292
612,-0.0125,-0.001,0.0037,1.3286
613,-0.0084,-0.0048,0.0194,1.3294
614,-0.0179,-0.0064,0.0036,1.3305
615,-0.0134,-0.0036,0.0072,1.3312
616,-0.0129,-0.0013,0.0033,1.3297
617,-0.0097,-0.0013,0.0098,1.331
618,-0.0104,-0.0014,0.0085,1.3309
619,-0.0102,-0.0066,0.0194,1.3306
620,-0.002,0.0097,0.0031,1.3319
621,-0.0172,-0.0067,0.0056,1.3296
622,-0.0155,-0.0037,0.0031,1.3289
623,-0.012,-0.0026,0.0079,1.3294
624,-0.0118,-0.001,0.0049,1.3291
625,-0.0088,-0.0016,0.0123,1.3316
626,-0.0105,-0.0015,0.0085,1.3323
627,-0.0146,-0.0035,0.0044,1.3319
628,-0.0155,-0.0057,0.0071,1.3294
629,-0.0143,-0.0052,0.0084,1.3306
630,-0.0181,-0.0074,0.0053,1.3319
631,-0.0129,-0.0034,0.0077,1.3296
632,-0.0184,-0.0068,0.0033,1.3281
633,-0.0093,0.0,0.0079,1.3286
634,-0.0204,-0.0093,0.0044,1.3294
635,-0.0216,-0.012,0.0074,1.3293
636,-0.0078,0.0041,0.0029,1.3286
637,-0.0054,-0.0027,0.0211,1.3289
638,0.0131,0.0002,0.0524,1.3308
639,0.0038,-0.0052,0.0446,1.3316
640,-0.0104,-0.0003,0.0065,1.332
641,-0.0117,-0.0053,0.0138,1.3267
642,-0.0167,-0.0051,0.0032,1.326
643,-0.0106,0.0002,0.005,1.3266
644,-0.0118,-0.0007,0.0044,1.3273
645,-0.0146,-0.0037,0.0048,1.3272
646,-0.0141,-0.0031,0.0045,1.3264
647,-0.0147,-0.005,0.0073,1.3268
648,-0.0165,-0.0051,0.0037,1.3269
649,-0.0076,-0.0007,0.0128,1.3281
650,-0.0057,0.0033,0.0086,1.3294
651,-0.0094,-0.0009,0.0096,1.328
652,-0.009,-0.002,0.0124,1.3271
653,-0.0032,0.0007,0.0188,1.3288
654,-0.0152,-0.0039,0.004,1.3293
655,-0.0131,-0.0038,0.0082,1.3313
656,-0.0165,-0.0045,0.0024,1.3299
657,-0.0146,-0.0033,0.0039,1.3301
658,-0.0144,-0.0033,0.0044,1.3305
659,-0.0103,0.0006,0.0047,1.3312
660,-0.0086,0.0039,0.0015,1.3297
661,-0.0081,-0.001,0.0125,1.3319
662,-0.0143,-0.0021,0.0021,1.3308
663,-0.0112,-0.0028,0.0099,1.3314
664,-0.0103,-0.003,0.012,1.3322
665,-0.0098,-0.0026,0.0122,1.3337
666,-0.0135,-0.0035,0.0068,1.333
667,0.0087,-0.0042,0.0523,1.3339
668,0.0153,0.0036,0.05,1.3348
669,0.0045,0.0026,0.0305,1.3363
670,-0.005,0.0062,0.0044,1.3355
671,-0.0176,-0.0067,0.0048,1.3328
672,-0.0144,-0.0047,0.0073,1.3319
673,-0.0164,-0.0066,0.007,1.3316
674,-0.0101,0.0001,0.0062,1.3322
675,-0.008,-0.0007,0.0119,1.3332
676,-0.0128,-0.0024,0.0058,1.3341
677,-0.006,0.0009,0.0128,1.3341
678,-0.0129,-0.004,0.0089,1.3343
679,-0.0079,-0.0007,0.0123,1.3343
680,-0.0076,-0.0025,0.0166,1.3354
681,-0.0092,-0.0009,0.01,1.3339
682,-0.0144,-0.0025,0.003,1.3326
683,-0.0077,-0.0048,0.0209,1.3329
684,0.0011,0.0003,0.0283,1.3347
685,0.0022,-0.001,0.0332,1.3357
686,-0.0045,-0.0015,0.0206,1.3346
687,-0.0185,-0.0071,0.0039,1.3344
688,-0.0182,-0.007,0.0042,1.3336
689,-0.0161,-0.0065,0.0076,1.3327
690,-0.0274,-0.0151,0.0021,1.3339
691,-0.0154,-0.0055,0.0069,1.3318
692,-0.0149,-0.0066,0.0099,1.3301
693,-0.0085,0.0017,0.0061,1.3279
694,-0.0116,-0.0023,0.008,1.3274
695,-0.0115,0.0,0.0035,1.3294
696,-0.0176,-0.0092,0.0097,1.3281
697,-0.0162,-0.005,0.0042,1.3283
698,-0.007,-0.0006,0.0138,1.3276
699,-0.0102,-0.0017,0.0094,1.327
700,-0.0081,0.0035,0.0034,1.3266
701,-0.0093,0.0002,0.0074,1.3264
702,-0.0151,-0.0051,0.0065,1.3249
703,-0.0142,-0.0035,0.005,1.3259
704,-0.0109,-0.0034,0.0116,1.3259
705,-0.011,-0.0062,0.017,1.3275
706,0.0014,-0.0048,0.039,1.3282
707,0.0006,-0.0013,0.0303,1.3293
708,-0.0089,-0.0017,0.0121,1.3263
709,-0.0051,-0.0022,0.0206,1.3254
710,-0.027,-0.015,0.0024,1.3274
711,-0.0158,-0.0064,0.0077,1.3234
712,-0.0158,-0.0042,0.0034,1.3213
713,0.0004,-0.0019,0.0312,1.3222
714,0.0079,-0.0035,0.0493,1.3273
715,0.0101,-0.0019,0.0506,1.3296
716,0.0,-0.0017,0.0301,1.3266
717,-0.0046,0.0013,0.0147,1.3245
718,-0.0165,-0.0058,0.005,1.3222
719,-0.0105,-0.0037,0.0129,1.3218
720,-0.0139,-0.0029,0.0046,1.3244
721,-0.0025,0.0007,0.0199,1.3207
722,-0.0149,-0.0042,0.0051,1.3196
723,-0.0071,-0.0045,0.0212,1.3208
724,0.001,0.0016,0.0253,1.3237
725,-0.0136,-0.0069,0.013,1.3224
726,0.0044,-0.0003,0.0359,1.3236
727,0.0004,0.0013,0.0245,1.3245
728,-0.0114,-0.0025,0.0087,1.3222
729,-0.0216,-0.0104,0.0039,1.3204
730,-0.0213,-0.009,0.0018,1.3213
731,-0.0126,-0.0055,0.0122,1.3194
732,-0.0147,-0.0039,0.0047,1.3176
733,-0.0148,-0.0043,0.0053,1.3181
734,-0.0112,-0.0001,0.0042,1.3183
735,-0.0095,0.0003,0.007,1.3208
736,-0.0178,-0.0098,0.0105,1.3213
737,-0.0118,-0.0028,0.0085,1.3205
738,-0.0118,-0.0035,0.0098,1.3192
739,-0.0156,-0.0051,0.0055,1.3194
740,-0.0335,-0.022,0.0033,1.3201
741,-0.0052,-0.0026,0.0209,1.3161
742,-0.0185,-0.0072,0.0038,1.3148
743,-0.0032,0.0002,0.0195,1.3166
744,-0.0031,0.0024,0.0153,1.3177
745,-0.0085,0.0001,0.0092,1.3176
746,-0.0078,0.0001,0.0105,1.3162
747,-0.0086,-0.0031,0.0154,1.3168
748,-0.011,-0.0013,0.007,1.317
749,-0.0173,-0.006,0.0036,1.3155
750,-0.0067,0.0056,0.0018,1.3165
751,-0.0102,-0.0024,0.0107,1.3139
752,-0.0129,-0.0014,0.0033,1.3133
753,-0.0056,-0.0008,0.0167,1.3142
754,-0.0085,-0.0,0.0094,1.3157
755,-0.014,-0.0052,0.0086,1.3174
756,-0.0129,-0.0057,0.0119,1.3181
757,-0.0102,-0.0039,0.0138,1.3177
758,-0.0096,0.0018,0.0034,1.3163
759,-0.0155,-0.0042,0.0038,1.3181
760,-0.0045,0.0067,0.004,1.3197
761,-0.0174,-0.0076,0.0067,1.3157
762,-0.0211,-0.0102,0.0045,1.3151
763,-0.0035,0.0014,0.0164,1.3159
764,-0.0102,-0.0017,0.0094,1.319
765,0.0017,0.001,0.0277,1.3193
766,-0.0127,-0.0019,0.0048,1.3163
767,-0.0107,-0.0005,0.0058,1.3172
768,-0.0184,-0.0066,0.0027,1.3172
769,-0.0009,0.0015,0.0215,1.3178
770,0.009,0.0101,0.0241,1.3202
771,-0.0059,0.0013,0.0118,1.318
772,-0.0187,-0.0069,0.0028,1.3185
773,-0.0079,0.0014,0.0078,1.3192
774,-0.0154,-0.0051,0.0058,1.3222
775,-0.01,-0.0026,0.0117,1.3219
776,-0.0161,-0.0044,0.0031,1.3198
777,-0.0065,0.0004,0.0126,1.3194
778,-0.0122,-0.0039,0.0098,1.3203
779,0.0092,0.0016,0.0417,1.3239
780,-0.0187,-0.0081,0.0053,1.3268
781,-0.0099,-0.0085,0.0237,1.319
782,-0.0125,-0.0035,0.0083,1.3175
783,-0.0041,-0.0044,0.0269,1.3192
784,-0.0029,-0.0026,0.0258,1.3219
785,-0.0064,-0.0046,0.0229,1.3237
786,-0.008,-0.0027,0.0158,1.3203
787,0.0039,0.0072,0.0198,1.3187
788,-0.0049,0.0016,0.0133,1.3168
789,-0.009,-0.0021,0.0125,1.3177
790,-0.0098,0.0019,0.0031,1.3204
791,-0.0098,-0.0037,0.014,1.3161
792,-0.0176,-0.0066,0.0044,1.3143
793,-0.0162,-0.0049,0.0038,1.3161
794,-0.0117,-0.0006,0.0041,1.3166
795,-0.0107,-0.0012,0.0072,1.3181
796,0.0024,-0.0016,0.0344,1.3182
797,-0.0008,-0.0049,0.0346,1.3198
798,-0.0092,-0.0071,0.0222,1.3198
799,-0.0104,-0.0031,0.0117,1.3175
800,-0.023,-0.0105,0.0014,1.3148
801,-0.0103,-0.0021,0.0098,1.3141
802,-0.0135,-0.0039,0.0069,1.3123
803,-0.0045,-0.0026,0.0227,1.3181
804,0.0014,-0.0026,0.0346,1.3221
805,-0.0005,-0.0013,0.0279,1.3202
806,-0.0088,-0.0028,0.0143,1.3163
807,-0.0073,-0.0035,0.0188,1.3167
808,0.0016,0.0001,0.0293,1.3181
809,-0.0087,0.0001,0.0085,1.3136
810,0.0051,0.0172,0.0022,1.3124
811,-0.0125,-0.0032,0.0077,1.3085
812,-0.0171,-0.0063,0.0044,1.3075
813,-0.01,-0.0038,0.0138,1.3123
814,-0.0002,0.0014,0.0231,1.3182
815,-0.0036,0.002,0.0153,1.3203
816,-0.0002,-0.0009,0.0279,1.3186
817,0.0002,-0.0035,0.0339,1.3208
818,-0.011,-0.0051,0.0146,1.3189
819,-0.0131,-0.0024,0.0049,1.3137
820,-0.0048,0.0059,0.005,1.3156
821,-0.0178,-0.007,0.0046,1.3109
822,-0.0162,-0.0051,0.0039,1.3106
823,-0.0122,-0.0025,0.0068,1.3103
824,-0.0086,0.0004,0.0081,1.3117
825,-0.0107,-0.0018,0.0085,1.3138
826,-0.0016,-0.0028,0.0287,1.3137
827,-0.001,0.0011,0.0221,1.3155
828,-0.0097,0.0001,0.0066,1.3163
829,-0.0171,-0.0066,0.0053,1.3179
830,-0.0147,-0.0065,0.01,1.3188
831,-0.0051,0.0001,0.0159,1.3135
832,-0.0157,-0.0052,0.0051,1.313
833,-0.0134,-0.0052,0.0098,1.3138
834,-0.0085,-0.0022,0.0137,1.315
835,-0.001,0.0005,0.0233,1.3167
836,-0.0059,0.0028,0.0088,1.3141
837,-0.0155,-0.0045,0.0043,1.3149
838,-0.0052,0.0014,0.0132,1.3167
839,-0.0137,-0.0027,0.0044,1.3175
840,-0.0196,-0.0077,0.0025,1.317
841,-0.0145,-0.0062,0.0096,1.3142
842,-0.0109,-0.0005,0.0054,1.3132
843,-0.0092,-0.0007,0.0092,1.3143
844,-0.0167,-0.0073,0.0075,1.3167
845,-0.0158,-0.0049,0.0046,1.3179
846,-0.0193,-0.0085,0.0048,1.317
847,-0.0152,-0.0054,0.0069,1.3201
848,-0.0069,-0.0025,0.0176,1.3191
849,-0.0038,0.0002,0.0184,1.3175
850,-0.0114,0.0011,0.0014,1.3158
851,-0.0044,-0.0003,0.0181,1.3113
852,-0.0148,-0.0037,0.0038,1.3093
853,-0.0121,-0.0029,0.0077,1.3105
854,0.0023,0.002,0.0269,1.3124
855,-0.0038,-0.0011,0.0207,1.3122
856,-0.01,-0.0027,0.0115,1.3117
857,-0.0087,-0.0006,0.01,1.3141
858,-0.0033,-0.0024,0.0246,1.3164
859,-0.0081,-0.0036,0.0174,1.317
860,-0.0163,-0.0052,0.0041,1.3189
861,-0.0091,-0.0029,0.0137,1.309
862,-0.0108,0.0006,0.0034,1.307
863,-0.0151,-0.0037,0.0034,1.3075
864,-0.0171,-0.0057,0.0034,1.3077
865,-0.0004,-0.0001,0.0258,1.3108
866,0.0076,-0.0028,0.0471,1.3133
867,-0.0046,-0.0054,0.028,1.3137
868,-0.0105,-0.0028,0.0108,1.3109
869,-0.0127,-0.0013,0.0034,1.3089
870,-0.0197,-0.0072,0.0011,1.3087
871,-0.0145,-0.0066,0.0104,1.306
872,-0.0112,-0.0015,0.0067,1.3047
873,-0.0131,-0.0041,0.0082,1.3061
874,-0.0036,-0.0017,0.0225,1.308
875,-0.0116,-0.0019,0.0066,1.3063
876,-0.0064,0.0009,0.0114,1.3043
877,-0.0145,-0.0027,0.0026,1.3041
878,-0.0127,-0.0009,0.0026,1.3031
879,-0.015,-0.0036,0.0031,1.3026
880,-0.0264,-0.0154,0.0042,1.3025
881,-0.0083,0.0005,0.0085,1.3042
882,-0.0196,-0.0085,0.0039,1.3033
883,-0.0126,-0.0045,0.0099,1.3034
884,-0.0166,-0.0065,0.0058,1.3039
885,-0.0014,0.0015,0.0204,1.3055
886,0.0018,0.001,0.0277,1.3058
887,-0.0095,-0.0078,0.0227,1.3061
888,0.0076,0.0018,0.0378,1.3083
889,-0.0008,-0.0053,0.0351,1.3076
890,-0.021,-0.0101,0.0043,1.3055
891,-0.014,-0.0045,0.007,1.3015
892,-0.0069,-0.0013,0.015,1.3007
893,-0.0089,-0.0006,0.0095,1.2996
894,-0.0077,-0.0025,0.0157,1.3008
895,0.0066,-0.001,0.0414,1.3089
896,-0.0011,-0.0048,0.0335,1.3091
897,-0.0001,0.0032,0.0194,1.3061
898,-0.0123,-0.0023,0.006,1.3035
899,-0.0126,-0.0022,0.0053,1.3018
900,-0.0244,-0.0129,0.0032,1.3049
901,-0.0062,0.0042,0.0053,1.3016
902,-0.0088,0.0012,0.0061,1.302
903,-0.0084,-0.0002,0.0096,1.3019
904,-0.0133,-0.0033,0.0061,1.3033
905,-0.0124,-0.0024,0.0062,1.3031
906,-0.0065,-0.0001,0.0132,1.303
907,-0.011,-0.0035,0.0111,1.3035
908,-0.0158,-0.0048,0.0041,1.3042
909,-0.0053,0.0015,0.0124,1.3043
910,-0.0175,-0.0072,0.0054,1.3055
911,-0.0146,-0.0053,0.0075,1.3065
912,-0.0154,-0.0048,0.005,1.3058
913,-0.0169,-0.0063,0.0049,1.3063
914,-0.0195,-0.0092,0.0054,1.3079
915,-0.0071,0.0001,0.0117,1.3076
916,-0.011,-0.0006,0.0053,1.3054
917,-0.0025,-0.0002,0.0216,1.3078
918,0.0055,0.0006,0.0362,1.3124
919,-0.0093,-0.0026,0.0128,1.3113
920,-0.0134,-0.0029,0.0052,1.3097
921,-0.0059,-0.0015,0.0175,1.304
922,-0.0137,-0.0035,0.0057,1.3035
923,-0.0116,-0.0005,0.0039,1.3018
924,-0.015,-0.0043,0.0046,1.303
925,-0.017,-0.0053,0.0028,1.3048
926,-0.0151,-0.0093,0.0146,1.3046
927,-0.016,-0.0049,0.0038,1.3028
928,-0.0176,-0.0069,0.0047,1.3021
929,-0.0022,0.0049,0.0118,1.3026
930,-0.0235,-0.0169,0.013,1.3031
931,-0.0061,-0.0004,0.0145,1.2997
932,-0.0103,-0.0005,0.0063,1.2998
933,-0.0116,-0.0016,0.006,1.2986
934,-0.011,-0.0003,0.0045,1.2969
935,-0.0042,-0.0005,0.0185,1.297
936,-0.0081,-0.0011,0.0121,1.3003
937,0.0026,-0.0037,0.0386,1.3007
938,-0.0003,-0.0025,0.0304,1.299
939,-0.0053,-0.0064,0.0281,1.2982
940,-0.0094,0.0025,0.0023,1.3021
941,-0.0117,-0.0052,0.0128,1.2968
942,-0.0179,-0.0075,0.0051,1.2977
943,-0.012,-0.0033,0.0085,1.2962
944,-0.0036,-0.0025,0.0238,1.2971
945,0.0039,-0.0032,0.0402,1.3059
946,-0.0019,0.0006,0.0212,1.3035
947,-0.005,-0.0017,0.0194,1.3023
948,-0.006,-0.0001,0.0144,1.302
949,-0.015,-0.0063,0.0086,1.3004
950,-0.0155,-0.0045,0.0041,1.3009
951,-0.0031,0.0024,0.0149,1.2974
952,-0.0136,-0.0026,0.004,1.2973
953,-0.0028,-0.0037,0.0279,1.2981
954,-0.0092,-0.0037,0.0152,1.3018
955,0.0007,0.0004,0.0267,1.3006
956,0.0066,0.0012,0.0368,1.3034
957,-0.0014,-0.0016,0.0265,1.3056
958,-0.0153,-0.0059,0.0073,1.3042
959,-0.0117,-0.0047,0.0122,1.3042
960,-0.0112,0.0001,0.0035,1.3055
961,-0.008,-0.0003,0.0108,1.3028
962,-0.012,-0.0008,0.0037,1.3027
963,-0.0115,-0.0044,0.0119,1.3028
964,-0.005,-0.0025,0.021,1.3056
965,-0.0106,-0.0027,0.0103,1.3052
966,-0.0107,-0.0023,0.0092,1.3039
967,-0.0102,0.0003,0.005,1.304
968,-0.0128,-0.0037,0.0078,1.3034
969,-0.0127,-0.0028,0.0063,1.3054
970,-0.0162,-0.0064,0.0067,1.3094
971,-0.0105,-0.0027,0.0105,1.3039
972,-0.0111,0.0003,0.0033,1.3029
973,-0.0093,-0.0003,0.008,1.3044
974,-0.0109,-0.0025,0.0092,1.3063
975,-0.0131,-0.0069,0.0137,1.31
976,-0.0083,-0.0034,0.0163,1.3094
977,0.0062,-0.0002,0.0391,1.311
978,-0.0165,-0.0073,0.0076,1.3065
979,-0.0166,-0.0056,0.0041,1.3049
980,-0.0163,-0.0043,0.0021,1.3048
981,-0.0089,0.001,0.0061,1.3024
982,-0.0158,-0.0044,0.0032,1.3008
983,-0.0122,-0.0016,0.0048,1.303
984,-0.0021,-0.0006,0.0232,1.3038
985,-0.0123,-0.0042,0.0098,1.3024
986,-0.0081,-0.0018,0.0135,1.2995
987,-0.0191,-0.0078,0.0035,1.3022
988,-0.0132,-0.002,0.0036,1.301
989,-0.0067,0.002,0.0088,1.305
990,-0.0057,-0.0008,0.0163,1.3089
991,-0.0122,-0.0063,0.0141,1.3003
992,-0.0176,-0.0059,0.0025,1.2989
993,-0.0111,-0.0015,0.0068,1.2979
994,-0.0152,-0.0044,0.0044,1.2981
995,-0.0103,-0.0042,0.0138,1.2981
996,-0.0127,-0.0028,0.0062,1.2997
997,-0.0129,-0.0048,0.0097,1.3014
998,-0.0147,-0.0035,0.0036,1.299
999,-0.0102,0.0001,0.0054,1.2997
1000,-0.0027,0.0089,0.0028,1.2987
1001,-0.0102,-0.0041,0.0136,1.297
1002,-0.0164,-0.0048,0.0027,1.2963
1003,0.0065,0.0005,0.0381,1.2992
1004,-0.0118,-0.0068,0.016,1.3029
1005,-0.0088,-0.006,0.0204,1.3044
1006,0.0019,0.0017,0.0264,1.3036
1007,-0.0069,0.0016,0.0091,1.2999
1008,-0.0139,-0.0024,0.003,1.2996
1009,-0.0115,-0.0002,0.0035,1.2978
1010,-0.0112,0.0009,0.0019,1.3016
1011,-0.0151,-0.0047,0.0052,1.2969
1012,-0.0096,0.0012,0.0043,1.2965
1013,-0.0053,-0.0002,0.0159,1.2975
1014,-0.011,-0.0025,0.0092,1.3014
1015,-0.0094,-0.0051,0.0176,1.3055
1016,-0.0111,-0.002,0.0079,1.3036
1017,-0.0019,0.0021,0.0181,1.3003
1018,0.0047,-0.0026,0.0407,1.3015
1019,-0.0177,-0.0083,0.0072,1.3038
1020,-0.0254,-0.0136,0.0024,1.3049
1021,-0.0093,-0.0017,0.0108,1.3013
1022,-0.0214,-0.0101,0.0033,1.3026
1023,-0.0144,-0.0036,0.0044,1.3013
1024,-0.0161,-0.0045,0.0029,1.3008
1025,-0.011,-0.0037,0.0114,1.301
1026,-0.0155,-0.0045,0.004,1.3008
1027,-0.0146,-0.0061,0.009,1.2986
1028,-0.0167,-0.0072,0.0071,1.2993
1029,-0.0164,-0.0076,0.0083,1.3002
1030,-0.0121,-0.0,0.0017,1.2992
1031,-0.0107,-0.0036,0.0118,1.2988
1032,-0.0168,-0.0057,0.0038,1.2992
1033,-0.0131,-0.0017,0.0031,1.2975
1034,-0.0147,-0.0034,0.0033,1.297
1035,-0.0065,0.0021,0.0087,1.2962
1036,-0.0112,-0.0027,0.0092,1.3004
1037,-0.0039,-0.0003,0.0189,1.2986
1038,-0.0029,0.0048,0.0107,1.2996
1039,-0.0162,-0.0061,0.0057,1.2974
1040,-0.0081,-0.0034,0.0165,1.2962
1041,-0.0138,-0.0048,0.0078,1.2977
1042,-0.012,-0.0029,0.0077,1.298
1043,-0.0054,-0.0013,0.0179,1.2971
1044,-0.0059,0.0019,0.0104,1.2971
1045,-0.0126,-0.0044,0.0095,1.2965
1046,-0.0136,-0.0029,0.0045,1.2953
1047,-0.0139,-0.0048,0.0077,1.2952
1048,-0.0162,-0.0068,0.007,1.295
1049,-0.0106,-0.0031,0.011,1.2964
1050,-0.0221,-0.0108,0.0034,1.2958
1051,-0.0147,-0.0074,0.0112,1.2935
1052,-0.0118,-0.0036,0.0093,1.2933
1053,-0.0168,-0.0056,0.0036,1.2921
1054,-0.013,-0.0017,0.0033,1.29
1055,-0.007,-0.003,0.0177,1.2888
1056,-0.0136,-0.0034,0.0053,1.2894
1057,0.0012,-0.0009,0.0299,1.2889
1058,-0.0125,-0.0046,0.0099,1.2882
1059,-0.0178,-0.0078,0.0056,1.2872
1060,-0.0117,-0.0009,0.0041,1.2836
1061,-0.0108,-0.0027,0.0097,1.2856
1062,-0.0194,-0.0079,0.0028,1.2855
1063,-0.0094,0.0009,0.005,1.2856
1064,-0.0151,-0.0043,0.0043,1.287
1065,-0.0127,-0.0063,0.0131,1.2896
1066,-0.0079,0.0005,0.0089,1.2899
1067,-0.0131,-0.0061,0.0119,1.2912
1068,-0.0095,-0.0046,0.0161,1.2893
1069,-0.0097,-0.0014,0.0093,1.2887
1070,-0.0162,-0.005,0.0034,1.2895
1071,-0.0043,0.0003,0.0164,1.284
1072,-0.0121,-0.0032,0.0079,1.2848
1073,0.0029,0.0044,0.0227,1.2816
1074,-0.0066,-0.005,0.0225,1.2849
1075,-0.0086,-0.0067,0.0218,1.2847
1076,-0.0011,0.0001,0.0233,1.2846
1077,-0.0112,-0.0029,0.0091,1.2864
1078,-0.0208,-0.0111,0.0063,1.286
1079,-0.0158,-0.0059,0.006,1.2868
1080,-0.0221,-0.0101,0.0018,1.2881
1081,-0.0057,-0.0015,0.0173,1.284
1082,-0.0123,-0.0026,0.0062,1.2833
1083,-0.0158,-0.0069,0.0077,1.2817
1084,-0.0102,-0.0013,0.0079,1.2813
1085,-0.0111,-0.0043,0.0119,1.2798
1086,0.0018,-0.001,0.0313,1.2806
1087,0.0033,0.0032,0.026,1.282
1088,-0.0041,-0.0027,0.0227,1.2834
1089,-0.0101,-0.0043,0.0141,1.283
1090,-0.004,0.0065,0.0047,1.2839
1091,-0.003,-0.0002,0.0202,1.2836
1092,-0.0158,-0.0045,0.0031,1.283
1093,-0.0089,0.0014,0.0051,1.2845
1094,-0.0134,-0.0044,0.0077,1.284
1095,-0.0123,-0.0021,0.0054,1.286
1096,-0.0155,-0.0072,0.0092,1.2869
1097,-0.018,-0.0077,0.0051,1.2881
1098,-0.0138,-0.0029,0.004,1.2854
1099,-0.0174,-0.006,0.003,1.2868
1100,-0.0152,-0.0034,0.0021,1.2882
1101,-0.0103,-0.0016,0.0084,1.2856
1102,-0.0178,-0.0062,0.0025,1.2835
1103,-0.0083,-0.0019,0.0129,1.282
1104,-0.0207,-0.0118,0.0079,1.282
1105,0.0016,-0.0035,0.0359,1.2868
1106,0.0022,-0.0049,0.0399,1.2852
1107,-0.0101,0.0009,0.0036,1.2817
1108,-0.0158,-0.0045,0.003,1.2799
1109,-0.0174,-0.0062,0.0032,1.2789
1110,-0.0019,0.0104,0.0009,1.2765
1111,-0.0089,-0.002,0.0119,1.2793
1112,-0.0146,-0.0042,0.0049,1.2786
1113,-0.0122,-0.003,0.0072,1.2776
1114,-0.0121,-0.0016,0.0046,1.2786
1115,-0.0063,-0.0006,0.0143,1.2778
1116,-0.012,-0.0032,0.0079,1.2781
1117,-0.0142,-0.0028,0.003,1.2811
1118,-0.0072,0.0029,0.0055,1.2818
1119,-0.0056,-0.001,0.0165,1.2827
1120,-0.0168,-0.006,0.0042,1.2858
1121,-0.0165,-0.0073,0.0072,1.2815
1122,-0.0122,-0.0042,0.0096,1.2806
1123,-0.0161,-0.0084,0.0101,1.2799
1124,-0.015,-0.0045,0.0045,1.2802
1125,-0.0121,-0.0015,0.0044,1.2808
1126,-0.0179,-0.0065,0.0028,1.2795
1127,-0.0052,0.002,0.0113,1.2807
1128,-0.0134,-0.0036,0.006,1.2766
1129,-0.0111,-0.0046,0.0126,1.2809
1130,-0.0119,0.0002,0.0015,1.2814
1131,-0.0066,-0.0002,0.013,1.2814
1132,-0.0027,0.0033,0.0136,1.2801
1133,-0.0157,-0.0054,0.005,1.2802
1134,-0.016,-0.0052,0.0041,1.2807
1135,-0.0062,-0.0003,0.0137,1.28
1136,-0.0017,-0.0012,0.0247,1.2834
1137,-0.0145,-0.003,0.0027,1.2842
1138,-0.0082,-0.004,0.0174,1.2857
1139,-0.0164,-0.0053,0.0034,1.2858
1140,-0.0045,-0.004,0.0247,1.2846
1141,-0.015,-0.0049,0.0054,1.2836
1142,-0.0131,-0.0025,0.0045,1.2834
1143,-0.0068,-0.0004,0.0128,1.2816
1144,-0.0087,0.0012,0.0058,1.2832
1145,-0.0094,0.0013,0.0043,1.2876
1146,-0.0041,0.0033,0.0109,1.2905
1147,-0.0111,-0.0007,0.005,1.2913
1148,-0.0078,-0.0005,0.0112,1.291
1149,-0.0126,-0.0061,0.0127,1.2901
1150,-0.0117,0.0002,0.0021,1.2928
1151,-0.0115,-0.0049,0.0124,1.2875
1152,-0.0174,-0.0059,0.0027,1.2882
1153,-0.0075,-0.0056,0.022,1.2899
1154,-0.0078,-0.0038,0.0181,1.2947
1155,-0.0074,0.0006,0.0099,1.2947
1156,-0.003,0.0008,0.0182,1.2891
1157,0.005,0.0014,0.0328,1.2886
1158,-0.0118,-0.0025,0.0071,1.2901
1159,-0.0123,-0.0041,0.0094,1.2894
1160,-0.0057,-0.0027,0.0198,1.2919
1161,-0.0134,-0.0043,0.0077,1.2897
1162,-0.0158,-0.0056,0.0055,1.2882
1163,-0.0175,-0.0101,0.0109,1.2871
1164,-0.007,-0.0016,0.0148,1.2857
1165,-0.0117,-0.0055,0.0132,1.2862
1166,0.003,0.0007,0.0303,1.2855
1167,-0.006,-0.0004,0.0146,1.2878
1168,-0.014,-0.003,0.0038,1.2864
1169,-0.0092,-0.0001,0.0076,1.2857
1170,-0.0232,-0.0107,0.0008,1.2839
1171,-0.0076,-0.0011,0.0126,1.2817
1172,-0.0163,-0.0057,0.0044,1.2805
1173,0.0019,-0.0004,0.0301,1.2799
1174,0.0142,0.0033,0.0476,1.2832
1175,-0.0036,0.0002,0.0182,1.2832
1176,-0.0103,-0.0023,0.0096,1.2832
1177,-0.0129,-0.0037,0.0073,1.2822
1178,-0.0122,-0.0016,0.0045,1.2831
1179,-0.0075,-0.0039,0.0184,1.2789
1180,-0.0134,-0.0019,0.0025,1.2815
1181,-0.0077,0.0019,0.0063,1.2806
1182,-0.0095,0.0013,0.004,1.28
1183,-0.0074,0.0015,0.0078,1.2787
1184,-0.0214,-0.0128,0.0084,1.2817
1185,-0.0156,-0.0053,0.0049,1.2812
1186,-0.0128,-0.0046,0.0091,1.2829
1187,-0.0104,-0.0071,0.019,1.2838
1188,-0.0162,-0.0049,0.0032,1.2834
1189,-0.0107,-0.0042,0.0126,1.2811
1190,-0.0097,0.0024,0.0016,1.2811
1191,-0.0079,0.0008,0.0083,1.2813
1192,-0.018,-0.0068,0.0033,1.2803
1193,-0.0142,-0.003,0.0032,1.2806
1194,-0.0091,-0.0005,0.0085,1.2808
1195,-0.0028,-0.005,0.0301,1.2793
1196,-0.0057,0.0002,0.0136,1.2792
1197,-0.0042,0.0002,0.0167,1.2803
1198,-0.015,-0.0081,0.0118,1.2761
1199,-0.0114,-0.0068,0.0165,1.2776
1200,-0.018,-0.0059,0.0015,1.2848
1201,-0.0083,-0.0016,0.0123,1.282
1202,-0.0128,-0.0018,0.0036,1.2808
1203,-0.0199,-0.0094,0.0046,1.2788
1204,-0.016,-0.006,0.0056,1.2769
1205,-0.0133,-0.0054,0.0097,1.2768
1206,-0.0171,-0.0068,0.005,1.2776
1207,-0.0122,-0.0069,0.0149,1.2785
1208,-0.0132,-0.0036,0.0064,1.2785
1209,-0.0031,-0.0,0.0194,1.278
1210,-0.011,-0.0003,0.0041,1.2784
1211,-0.0054,-0.0032,0.0212,1.2769
1212,-0.0141,-0.0046,0.0064,1.2747
1213,-0.0139,-0.0043,0.0061,1.2744
1214,-0.0092,-0.0012,0.0094,1.2742
1215,-0.0088,-0.0004,0.0088,1.2747
1216,-0.0117,-0.0009,0.0039,1.2737
1217,-0.0115,-0.0044,0.0112,1.2725
1218,-0.0129,-0.0014,0.0025,1.2761
1219,-0.0156,-0.0071,0.0085,1.2735
1220,-0.022,-0.0129,0.0074,1.2735
1221,-0.0131,-0.0045,0.0082,1.2748
1222,-0.0127,-0.0012,0.0025,1.2756
1223,-0.0095,-0.0033,0.0133,1.2755
1224,-0.012,-0.0025,0.0065,1.2759
1225,-0.0069,0.0043,0.0032,1.2755
1226,-0.014,-0.0025,0.0026,1.275
1227,-0.0077,-0.0058,0.0218,1.2758
1228,-0.0132,-0.002,0.003,1.2802
1229,0.0068,0.0005,0.038,1.2754
1230,-0.014,-0.0038,0.005,1.2726
1231,-0.0148,-0.0063,0.0085,1.2798
1232,-0.0155,-0.0041,0.0028,1.2798
1233,-0.0053,-0.0004,0.0158,1.2769
1234,-0.008,-0.0003,0.0103,1.2772
1235,-0.0066,-0.0013,0.0149,1.2786
1236,-0.007,-0.0006,0.0129,1.2807
1237,-0.011,-0.0062,0.0161,1.2788
1238,-0.0206,-0.0102,0.0047,1.2781
1239,-0.0007,0.0032,0.0178,1.277
1240,-0.0137,-0.0029,0.0039,1.2711
1241,-0.0143,-0.006,0.0089,1.2794
1242,-0.0059,-0.0008,0.0154,1.2804
1243,-0.0009,0.0009,0.0219,1.2764
1244,-0.0109,-0.0076,0.019,1.2787
1245,-0.0114,-0.0049,0.0126,1.2808
1246,-0.0116,-0.0022,0.0068,1.2772
1247,-0.0034,-0.0019,0.0224,1.273
1248,-0.0071,-0.0029,0.0171,1.2755
1249,-0.011,-0.0028,0.0092,1.2765
1250,-0.0041,0.0076,0.0021,1.2741
1251,-0.0194,-0.0121,0.0109,1.2752
1252,-0.0129,-0.0046,0.0087,1.2746
1253,-0.0151,-0.0064,0.008,1.274
1254,-0.0095,-0.0032,0.0129,1.2733
1255,-0.0176,-0.0067,0.0036,1.2736
1256,-0.0108,-0.0003,0.0045,1.272
1257,-0.0102,-0.0004,0.006,1.2732
1258,-0.0116,-0.0031,0.0086,1.2724
1259,-0.0164,-0.0071,0.007,1.2713
1260,-0.0131,-0.0018,0.0028,1.2697
1261,-0.0059,-0.0012,0.0161,1.2725
1262,-0.0092,-0.0001,0.0071,1.2729
1263,-0.0147,-0.0032,0.0026,1.2733
1264,-0.0152,-0.0042,0.0035,1.273
1265,0.0048,0.0009,0.0332,1.2722
1266,-0.0074,-0.0013,0.0131,1.2734
1267,-0.0076,0.0017,0.0069,1.2725
1268,-0.0128,-0.0012,0.0022,1.2743
1269,-0.014,-0.0068,0.0111,1.274
1270,-0.0188,-0.0072,0.0023,1.2748
1271,-0.0088,0.001,0.0059,1.2748
1272,-0.0181,-0.0078,0.0049,1.2749
1273,-0.0139,-0.0031,0.0037,1.2732
1274,-0.0155,-0.0046,0.0037,1.2716
1275,-0.0123,-0.0032,0.0073,1.2742
1276,-0.0059,-0.0026,0.0189,1.2786
1277,0.003,-0.0004,0.0325,1.2827
1278,-0.0116,-0.0033,0.0088,1.2779
1279,-0.0167,-0.0073,0.0066,1.2725
1280,-0.0144,-0.0037,0.004,1.2726
1281,-0.0095,-0.0061,0.0187,1.2726
1282,-0.0137,-0.0032,0.0046,1.274
1283,-0.0114,-0.005,0.0128,1.273
1284,-0.008,0.0008,0.0079,1.2728
1285,-0.0131,-0.0018,0.0028,1.2721
1286,-0.0122,-0.004,0.0091,1.273
1287,-0.0161,-0.0061,0.0053,1.2725
1288,-0.0152,-0.0057,0.0066,1.2737
1289,-0.0024,0.0019,0.0169,1.2739
1290,-0.0119,-0.0018,0.0054,1.2759
1291,-0.0014,0.0037,0.0152,1.27
1292,-0.0131,-0.0039,0.007,1.271
1293,0.0045,0.0031,0.0281,1.271
1294,-0.0001,-0.0016,0.0284,1.2753
1295,-0.0073,-0.0008,0.0124,1.2766
1296,-0.0166,-0.0061,0.0046,1.2798
1297,-0.0125,-0.0018,0.004,1.2731
1298,-0.0142,-0.0026,0.0022,1.2747
1299,-0.009,-0.0022,0.0117,1.2717
1300,-0.0151,-0.0033,0.002,1.2743
1301,-0.0044,0.0018,0.0132,1.2751
1302,-0.0167,-0.0056,0.0033,1.2753
1303,-0.008,-0.0023,0.0142,1.2751
1304,-0.0167,-0.0056,0.0033,1.2739
1305,-0.009,-0.0018,0.0111,1.2747
1306,-0.0133,-0.0023,0.0035,1.2759
1307,-0.013,-0.0015,0.0026,1.2759
1308,-0.0171,-0.0057,0.0026,1.275
1309,-0.0076,0.0002,0.0099,1.275
1310,-0.0194,-0.0103,0.0074,1.275
1311,-0.0133,-0.0033,0.0057,1.2761
1312,-0.0159,-0.0049,0.0035,1.2747
1313,-0.0088,-0.0036,0.015,1.2745
1314,-0.0092,-0.0013,0.0096,1.2747
1315,-0.0153,-0.0068,0.0085,1.272
1316,-0.0101,-0.0008,0.0068,1.2717
1317,-0.006,-0.0053,0.0241,1.2733
1318,0.0024,-0.002,0.0343,1.2793
1319,-0.0099,-0.004,0.0138,1.2764
1320,-0.0148,-0.0027,0.0012,1.2703
1321,-0.0135,-0.0031,0.0046,1.2669
1322,-0.0137,-0.0039,0.0057,1.2657
1323,0.0016,0.0047,0.0191,1.2642
1324,-0.0066,0.0,0.012,1.2656
1325,-0.0098,-0.0066,0.019,1.2631
1326,-0.0125,-0.0066,0.0135,1.2635
1327,-0.0126,-0.0013,0.0025,1.2647
1328,-0.0131,-0.002,0.003,1.2666
1329,-0.0113,-0.0008,0.0044,1.2657
1330,-0.0282,-0.0162,0.0014,1.2676
1331,-0.0053,-0.0006,0.016,1.2678
1332,-0.0138,-0.0025,0.0026,1.2665
1333,-0.0137,-0.0034,0.0048,1.2675
1334,-0.0083,0.0007,0.0072,1.2677
1335,-0.0035,-0.0004,0.0191,1.268
1336,-0.0051,-0.0024,0.0199,1.2723
1337,-0.0069,0.0015,0.0087,1.2717
1338,-0.011,-0.0025,0.0084,1.2708
1339,-0.0129,-0.0012,0.0021,1.2684
1340,-0.0207,-0.0088,0.0015,1.2687
1341,-0.0129,-0.0042,0.008,1.2696
1342,-0.0116,-0.0028,0.0077,1.2687
1343,-0.0091,-0.0074,0.0218,1.2654
1344,0.0009,0.0038,0.0197,1.2687
1345,-0.0098,-0.0009,0.0077,1.2704
1346,-0.0093,-0.0001,0.007,1.27
1347,-0.0074,0.0035,0.0036,1.2708
1348,-0.014,-0.0059,0.0092,1.2717
1349,-0.0099,-0.0006,0.0067,1.2706
1350,-0.0119,0.0003,0.0011,1.2712
1351,-0.0115,-0.0034,0.0094,1.2718
1352,-0.0203,-0.0094,0.0036,1.2712
1353,-0.0111,-0.0024,0.0082,1.2713
1354,-0.0012,-0.0037,0.0305,1.2715
1355,0.0119,-0.0071,0.0636,1.2777
1356,-0.0117,-0.0054,0.0128,1.2773
1357,-0.0031,-0.0033,0.0258,1.2735
1358,0.0102,-0.0005,0.0471,1.2795
1359,-0.0112,-0.005,0.0129,1.2744
1360,-0.0085,0.0023,0.0039,1.276
1361,-0.0089,-0.0008,0.0093,1.2742
1362,-0.0147,-0.0041,0.0042,1.2722
1363,0.008,0.0032,0.035,1.273
1364,0.0044,0.0026,0.0292,1.2794
1365,0.0036,0.0015,0.0298,1.2827
1366,-0.0125,-0.0085,0.0176,1.2784
1367,-0.0029,-0.0015,0.0228,1.2786
1368,-0.0055,-0.0047,0.0241,1.2792
1369,-0.007,-0.0016,0.0146,1.2757
1370,-0.0279,-0.0155,0.0008,1.2788
1371,-0.0077,-0.0002,0.0105,1.2769
1372,-0.0136,-0.0027,0.0037,1.2739
1373,-0.0094,-0.0003,0.0073,1.275
1374,-0.0,0.004,0.0174,1.2755
1375,-0.005,-0.0029,0.0215,1.2808
1376,-0.0062,0.0003,0.0127,1.2814
1377,0.0037,0.0005,0.0319,1.2809
1378,-0.0019,0.0004,0.021,1.2804
1379,-0.0015,-0.0023,0.0272,1.2779
1380,-0.0056,0.0015,0.0113,1.2768
1381,-0.0117,-0.0053,0.0128,1.2786
1382,-0.0166,-0.0057,0.0037,1.2775
1383,-0.0148,-0.0035,0.0028,1.2768
1384,-0.0116,-0.0037,0.0097,1.2779
1385,0.0059,-0.0006,0.0387,1.2828
1386,0.0042,-0.0018,0.0378,1.288
1387,-0.0065,-0.0016,0.0159,1.2863
1388,-0.0174,-0.0071,0.0051,1.2822
1389,-0.0064,0.0007,0.0113,1.2775
1390,-0.0194,-0.0093,0.0053,1.2773
1391,-0.0055,0.0015,0.0116,1.2783
1392,-0.0148,-0.005,0.0058,1.2777
1393,0.011,-0.0016,0.0506,1.2776
1394,0.0157,0.0031,0.0509,1.2855
1395,0.015,0.0027,0.0502,1.287
1396,0.0081,-0.0025,0.0469,1.2853
1397,-0.0014,-0.0042,0.0313,1.2832
1398,-0.0075,-0.0014,0.0135,1.2768
1399,-0.008,-0.0067,0.0229,1.2801
1400,-0.0082,-0.0027,0.0148,1.2846
1401,-0.0085,-0.0026,0.0137,1.2751
1402,-0.0158,-0.0051,0.0039,1.2734
1403,-0.0071,-0.0023,0.016,1.2741
1404,-0.0064,-0.0004,0.0135,1.2743
1405,-0.0076,-0.0052,0.0207,1.2755
1406,-0.0106,-0.0047,0.0136,1.2751
1407,-0.0091,-0.0057,0.0189,1.2743
1408,0.0077,0.0038,0.0334,1.2772
1409,0.0015,-0.004,0.0365,1.2796
1410,-0.0078,0.0026,0.0048,1.281
1411,-0.0162,-0.0097,0.0125,1.2694
1412,-0.0147,-0.0036,0.003,1.2675
1413,-0.0103,-0.0022,0.0092,1.2706
1414,-0.0038,0.0018,0.0144,1.2726
1415,-0.0098,-0.0036,0.013,1.2706
1416,-0.016,-0.005,0.0033,1.2683
1417,-0.0122,-0.0025,0.0058,1.2656
1418,-0.0112,-0.0003,0.0035,1.2652
1419,-0.019,-0.0086,0.0045,1.2645
1420,-0.0098,-0.0062,0.0182,1.2634
1421,-0.0124,-0.0017,0.0039,1.2649
1422,-0.0114,-0.0006,0.0037,1.2647
1423,-0.0047,-0.0003,0.0167,1.2675
1424,-0.0046,0.001,0.0142,1.2688
1425,-0.01,-0.0027,0.0107,1.2695
1426,-0.017,-0.0081,0.0077,1.2712
1427,-0.0116,-0.0071,0.0163,1.2692
1428,-0.0113,-0.0004,0.0034,1.2663
1429,-0.0132,-0.0078,0.0145,1.266
1430,-0.0015,0.0085,0.0053,1.2682
1431,-0.0052,-0.0013,0.0173,1.2651
1432,-0.0075,0.0014,0.0075,1.2638
1433,-0.0047,-0.0004,0.0167,1.2618
1434,-0.0127,-0.0047,0.0092,1.2636
1435,-0.0074,0.003,0.0044,1.2633
1436,-0.0147,-0.0042,0.0044,1.2647
1437,-0.0095,-0.0017,0.0097,1.2652
1438,-0.0109,-0.0002,0.0038,1.267
1439,-0.0138,-0.0038,0.0054,1.2716
1440,-0.0145,-0.0035,0.0036,1.2749
1441,-0.0089,-0.0009,0.0096,1.2709
1442,-0.0107,-0.002,0.0081,1.2701
1443,-0.0146,-0.0053,0.0069,1.2686
1444,-0.0163,-0.0059,0.0046,1.2692
1445,-0.0122,-0.0015,0.0041,1.2694
1446,-0.0081,0.0008,0.0076,1.2695
1447,-0.0052,-0.0009,0.0168,1.2711
1448,-0.0128,-0.005,0.0098,1.2734
1449,-0.0175,-0.0071,0.0048,1.2709
1450,-0.0236,-0.0125,0.0032,1.2712
1451,-0.002,0.0001,0.0213,1.2703
1452,-0.0162,-0.005,0.003,1.2696
1453,-0.0109,-0.003,0.0096,1.2692
1454,-0.0164,-0.0056,0.0038,1.2684
1455,-0.0105,-0.0042,0.0129,1.2692
1456,-0.0082,-0.0029,0.015,1.2716
1457,-0.0209,-0.0098,0.0032,1.269
1458,-0.0139,-0.0039,0.0054,1.267
1459,-0.0113,-0.0017,0.0061,1.2663
1460,-0.0116,0.0005,0.001,1.2653
1461,-0.0102,-0.0033,0.0115,1.2648
1462,-0.0126,-0.002,0.0041,1.2647
1463,-0.0074,-0.0028,0.0161,1.262
1464,-0.0083,-0.003,0.0148,1.2622
1465,-0.0155,-0.0073,0.0088,1.264
1466,-0.0187,-0.0076,0.003,1.2643
1467,-0.0029,0.0053,0.0089,1.2647
1468,-0.0208,-0.0102,0.0041,1.2664
1469,-0.0218,-0.0109,0.0035,1.2646
1470,-0.0069,-0.0021,0.0157,1.2646
1471,-0.0047,0.0024,0.0111,1.2641
1472,-0.0151,-0.0046,0.0044,1.2642
1473,-0.0102,0.0002,0.0044,1.2608
1474,0.0007,-0.0017,0.0302,1.2644
1475,-0.0008,-0.0016,0.0269,1.2701
1476,-0.0182,-0.0068,0.0025,1.2653
1477,-0.0063,-0.0012,0.015,1.2649
1478,-0.0145,-0.0039,0.0041,1.2663
1479,-0.012,-0.0023,0.0059,1.2655
1480,-0.0223,-0.0107,0.0023,1.2673
1481,-0.0116,-0.0039,0.01,1.2654
1482,-0.0118,-0.0033,0.0084,1.2662
1483,-0.0158,-0.0045,0.0027,1.2663
1484,-0.0136,-0.0031,0.0041,1.2646
1485,-0.0091,-0.0002,0.0074,1.2648
1486,-0.0104,-0.0023,0.0092,1.2669
1487,-0.0065,-0.0016,0.0156,1.2675
1488,-0.0081,-0.0054,0.02,1.2676
1489,-0.0136,-0.0023,0.0028,1.2663
1490,-0.0154,-0.0035,0.0015,1.2679
1491,-0.0053,0.0014,0.0119,1.27
1492,-0.0119,-0.0016,0.0048,1.2708
1493,-0.0066,-0.0012,0.0146,1.2661
1494,-0.0012,-0.0,0.0231,1.2695
1495,0.0021,0.003,0.0236,1.2702
1496,-0.0146,-0.0077,0.0116,1.2675
1497,-0.0163,-0.0051,0.0029,1.2685
1498,-0.0151,-0.0037,0.0026,1.2694
1499,-0.0131,-0.0034,0.0061,1.2701
1500,-0.0135,-0.0021,0.0026,1.2708
1501,-0.0156,-0.0066,0.0074,1.2716
1502,-0.0122,-0.001,0.0032,1.2737
1503,-0.0155,-0.0055,0.0054,1.2692
1504,-0.0144,-0.0044,0.0052,1.2692
1505,-0.0109,-0.0035,0.0106,1.2691
1506,-0.0056,0.0028,0.0084,1.2699
1507,-0.004,-0.0025,0.0226,1.2703
1508,-0.0075,0.0017,0.0069,1.2706
1509,-0.0106,-0.0052,0.0147,1.2723
1510,-0.0096,-0.007,0.0202,1.2766
1511,-0.009,0.0013,0.0048,1.2705
1512,-0.0091,-0.0019,0.0112,1.2726
1513,-0.0039,0.0001,0.0174,1.269
1514,-0.0129,-0.0043,0.008,1.2691
1515,-0.0051,-0.0023,0.0197,1.2679
1516,-0.0126,-0.0014,0.003,1.2691
1517,-0.013,-0.0033,0.006,1.2701
1518,-0.0158,-0.0046,0.0029,1.2713
1519,-0.0076,-0.0017,0.0137,1.2735
1520,-0.0119,-0.0008,0.0034,1.2735
1521,-0.0078,-0.0015,0.0129,1.2765
1522,-0.0172,-0.0064,0.004,1.2786
1523,0.0043,0.0021,0.0298,1.2717
1524,0.0021,0.0007,0.0282,1.2704
1525,-0.0086,-0.0026,0.0133,1.271
1526,-0.0195,-0.0089,0.0041,1.2756
1527,-0.0043,0.0015,0.0139,1.2733
1528,0.0016,-0.0004,0.0295,1.2715
1529,0.007,0.0016,0.0361,1.2721
1530,-0.017,-0.0067,0.0049,1.2733
1531,-0.0112,-0.0039,0.011,1.2771
1532,-0.0148,-0.0053,0.0065,1.2785
1533,-0.0143,-0.0035,0.0041,1.276
1534,-0.0085,0.0018,0.0049,1.2741
1535,-0.0056,0.0026,0.009,1.273
1536,-0.0118,-0.0012,0.0043,1.2727
1537,-0.0112,-0.0029,0.0088,1.2735
1538,-0.0135,-0.0029,0.0043,1.2749
1539,-0.0114,-0.0001,0.0029,1.2743
1540,-0.0064,0.0013,0.0101,1.2727
1541,-0.0038,0.0014,0.0152,1.2764
1542,-0.0182,-0.0073,0.0038,1.2785
1543,-0.0073,-0.0027,0.0162,1.2747
1544,-0.005,0.0007,0.014,1.2754
1545,-0.0055,-0.0032,0.0209,1.2751
1546,-0.0115,-0.0026,0.0077,1.276
1547,-0.0156,-0.0057,0.0056,1.2752
1548,-0.0143,-0.0052,0.0073,1.2742
1549,-0.0081,-0.0053,0.0199,1.2721
1550,-0.0201,-0.0098,0.0048,1.2703
1551,-0.0118,-0.0043,0.0106,1.2734
1552,-0.0156,-0.0051,0.0045,1.274
1553,-0.0117,-0.0013,0.0047,1.2681
1554,-0.0069,0.0012,0.0091,1.2671
1555,-0.0045,-0.0008,0.0179,1.2639
1556,-0.0036,0.0018,0.0147,1.2674
1557,-0.0107,-0.0,0.0041,1.2665
1558,-0.0146,-0.0035,0.0033,1.2658
1559,-0.0056,0.0011,0.0119,1.2649
1560,-0.0097,0.0009,0.0039,1.2637
1561,-0.0106,-0.0039,0.0118,1.2673
1562,-0.0122,-0.0058,0.0125,1.2673
1563,-0.0146,-0.004,0.004,1.2624
1564,-0.01,-0.0023,0.0099,1.2605
1565,-0.0123,-0.004,0.0086,1.2604
1566,-0.0147,-0.0035,0.0029,1.2614
1567,-0.0076,-0.0008,0.0116,1.261
1568,-0.0137,-0.0026,0.0031,1.2615
1569,-0.0123,-0.0045,0.0096,1.2594
1570,-0.021,-0.0088,0.0008,1.2584
1571,-0.0148,-0.0062,0.008,1.2602
1572,-0.0167,-0.0057,0.0031,1.2597
1573,-0.0058,-0.0028,0.0192,1.2563
1574,-0.0156,-0.0048,0.0035,1.258
1575,-0.0114,-0.0013,0.005,1.2577
1576,-0.0077,-0.004,0.0177,1.2581
1577,-0.0063,-0.0071,0.0267,1.2571
1578,-0.0063,-0.0003,0.013,1.256
1579,-0.0074,-0.0003,0.0107,1.2502
1580,-0.0273,-0.0161,0.0025,1.2499
1581,-0.0069,0.0022,0.0069,1.2527
1582,-0.0135,-0.0037,0.0056,1.2518
1583,-0.0053,-0.0006,0.0157,1.2488
1584,-0.0004,0.0009,0.0223,1.2488
1585,-0.0069,-0.0035,0.0181,1.2491
1586,-0.016,-0.0079,0.0087,1.2489
1587,-0.0093,-0.001,0.0084,1.2469
1588,-0.0082,-0.0023,0.0132,1.2488
1589,-0.01,-0.003,0.0109,1.2463
1590,-0.0112,0.0008,0.001,1.2458
1591,-0.0117,-0.0032,0.008,1.2482
1592,-0.0122,-0.0018,0.0042,1.2485
1593,-0.0118,-0.0019,0.0052,1.248
1594,-0.0127,-0.0035,0.0066,1.2458
1595,-0.0126,-0.0027,0.005,1.244
1596,-0.0108,-0.0039,0.0112,1.2446
1597,-0.0118,-0.0024,0.0062,1.2437
1598,-0.0171,-0.0105,0.0119,1.2463
1599,0.001,0.0013,0.0242,1.245
1600,-0.0185,-0.012,0.0119,1.246
